ID;Einrichtungsname;Einrichtungsart;Adresse;PLZ;Stadt;Bezirk;Webseite;Telefon;E_Mail;Angebot;Träger;Anmerkungen;Kurzbeschreibung;X_Koordinate;Y_Koordinate;Foto_Link;Google_Maps_Link;Sachstand
000096_E;Stephans  Der Nachbarschaftsladen;Nachbarschaftstreff;Stendaler Str. 9;10559;Berlin;Mitte;https://moabiter-ratschlag.de/orte/stephans/;;stephans@moabiter-ratschlag.de;;Moabiter Ratschlag e. V.;;;13.3479095;52.5330026;;https://maps.app.goo.gl/FxUHaL34qr71T84S6;2025-05-15
000098_E;Kieztreff;Nachbarschaftstreff;Celsiusstraße 60;12207;Berlin;Steglitz-Zehlendorf;https://www.stadtteilzentrum-steglitz.de/kieztreff/;(030) 61 67 47 37;stegmann@stadtteilzentrum-steglitz.org;Stadtteil- und Nachbarschaftsarbeit;Stadtteilzentrum Steglitz e. V.;;;13.3117935095949;52.41177405;;;2025-05-15
000100_E;Bona Peiser Sozio-kulturelle Projekträume;Nachbarschaftstreff;Oranienstraße 72;10969;Berlin;Friedrichshain-Kreuzberg;https://bona-peiser.de/;(030) 67 79 60 86;info@bona-peiser.de;;Wassertor e.V.;;;13.407098;52.5049903;https://www.berlin.de/sen/soziales/buergerschaftliches-engagement/stadtteilzentren/projektuebersicht/projektliste/000100_e.jpg;https://maps.app.goo.gl/LQrULS6AszNvJhJy8;2025-05-15
000101_E;"Stadtteilzentrum Köllnische Heide 'mittendrin'";Stadtteilzentrum;Sonnenallee 319;12057;Berlin;Neukölln;https://ib-berlin.de/standort/212181;(030) 68 05 98 43;stz-koellnische-heide-berlin@ib.de;;Internationaler Bund Berlin-Brandenburg gGmbH;;;13.4727003;52.4654641;;https://maps.app.goo.gl/MYC2rohca86DD5D26;2025-05-15
000104_E;Staakentreff Brunsbütteler Damm;Nachbarschaftstreff;Brunsbütteler Damm 267;13591;Berlin;Spandau;https://gwv-heerstrasse.de/orte/sbd/;(030) 25 73 54 18;staakentreff-bbd@gwv-heerstrasse.de;;Gemeinwesenverein Heerstraße Nord e. V.;;;13.1343115904037;52.5367298933017;https://www.berlin.de/sen/soziales/buergerschaftliches-engagement/stadtteilzentren/projektuebersicht/projektliste/000104_e.jpg;https://maps.app.goo.gl/BszDwSsoubfNvbDV8;2025-05-15
000126_E;Nachbarschaftszentrum Bornhagenweg;Nachbarschaftstreff;Bornhagenweg 43;12309;Berlin;Tempelhof-Schöneberg;https://www.pfh-berlin.de/de/einrichtung/nachbarschaftszentrum-bornhagenweg-lichtenrade;(030) 68 96 77 96;nbzbornhagenweg@pfh-berlin.de;;Pestalozzi-Fröbel-Haus;;;13.4165851;52.3890088;https://www.berlin.de/sen/soziales/buergerschaftliches-engagement/stadtteilzentren/projektuebersicht/projektliste/000126_e.jpg;https://maps.app.goo.gl/18XmMgAkFHENiWF99;2025-05-15
000138_E;Stadtteilzentrum Hellersdorfer Terrassen;Nachbarschaftstreff;Alte Hellersdorfer Straße 121;12629;Berlin;Marzahn-Hellersdorf;https://www.ev-mittendrin.de/stadtteilzentrum-hellersdorfer-terrassen/;(030) 99 88 160;stz-helle-terrasse@ev-mittendrin.de;;MITTENDRIN leben e. V.;;;13.59119;52.5458652;;https://maps.app.goo.gl/EdDR5HjpVvcWTtUNA;2025-05-15
000142_E;Nachbarschaftsbüro;Nachbarschaftstreff;Havemannstraße 17A;12689;Berlin;Marzahn-Hellersdorf;https://stadtteilzentren-mh.de/marzahn-nord/;(030) 28 42 31 29;;;Kiek in  Soziale Dienste gGmbH;;;13.5732307;52.5683523;;;2025-05-15
000143_E;Jugend- und Nachbarschaftszentrum Auguste-Viktoria-Allee;Stadtteilzentrum;Auguste-Viktoria-Allee 51A;13403;Berlin;Reinickendorf;https://albatros.social/angebote/standorte/stadtteilzentrum-quaekerkiez/;;;;Albatros gGmbH;temporärer Standort;;13.3246577408612;52.57030655;;;2025-05-15
000159_E;Stadtteilzentrum Welsekiosk;Nachbarschaftstreff;Falkenberger Chaussee 136;13057;Berlin;Lichtenberg;https://vav-hhausen.de/gemeinwesen-und-stadtteilarbeit/stadtteilzentrum-welsekiosk/;(030) 85 99 38 83;stz-welsekiosk@vav-hhausen.de;;Verein für aktive Vielfalt e. V.;;;13.5255836610424;52.567802;;https://maps.app.goo.gl/cwo4onhMqFp4G9qc6;2025-05-15
000177_E;Stadtteilzentrum im Ribbeck-Haus;Stadtteilzentrum;Senftenberger Ring 54;13435;Berlin;Reinickendorf;https://www.ribbeckhaus.de/;(030) 47 064 920;info@ribbeckhaus.de;Stadtteil- und Nachbarschaftsarbeit;Chance - Bildung, Jugend und Sport BJS gGmbH;;;13.3522078;52.6052171;https://www.berlin.de/sen/soziales/buergerschaftliches-engagement/stadtteilzentren/projektuebersicht/projektliste/000177_e.jpg;;2025-05-15
000181_E;Stadtteilzentrum Kiezbegegnung und Teilbar;Nachbarschaftstreff;Warthestraße 73;12051;Berlin;Neukölln;https://www.interkular.de/;;;;interkular gGmbH;;;13.4291269;52.4701233;;https://maps.app.goo.gl/b4ar9Y8foDYQFH1e6;2025-05-15
000206_E;Stadtteiltreff Lettekiez;Nachbarschaftstreff;Pankower Allee 93;13409;Berlin;Pankow;https://www.lebenswelt.de/angebote/projekte/stadtteiltreff-lettekiez;030 97 99 20 69;stadtteiltreff@lebenswelt.de;;LebensWelt gGmbH;Übergangsstandort bis der Neubau fertiggestellt ist;;13.3774575076809;52.56489075;;;2025-05-15
000249_E;Kiezladen WaMa;Nachbarschaftstreff;Ortolfstraße 206B;12524;Berlin;Treptow-Köpenick;https://kiezbund.de/;(030) 66 50 41 15 ;kiezbund@offensiv91.de;;offensiv'91 e.V.;Standort in Ausbau;;13.5261251;52.4029406;;;2025-05-15
CW03NH;Stadtteilzentrum Käte-Tresenreuter-Haus;Stadtteilzentrum;Humboldtstraße 12;14193;Berlin;Charlottenburg-Wilmersdorf;https://www.sozialwerk-berlin.de/;(030) 89 11 05 1 / 89 11 05 2;sozialwerk@gmx.de;Stadtteil- und Nachbarschaftsarbeit, Kompetenz- und Koordinationszentren, Schwerpunkt ältere Menschen;Sozialwerk Berlin e. V.;;;13.2870122;52.4924895;https://www.berlin.de/sen/soziales/buergerschaftliches-engagement/stadtteilzentren/projektuebersicht/projektliste/cw03nh.jpg;;2025-05-15
CW04NH;Stadtteilzentrum Charlottenburg-Nord;Stadtteilzentrum;Halemweg 18;13627;Berlin;Charlottenburg-Wilmersdorf;https://stz-charlottenburg-nord.de/;(030) 90 29 25 26 0;mail@stz-charlottenburg-nord.de;Stadtteil- und Nachbarschaftsarbeit;Stadtteilverein Tiergarten e. V.;;;13.2870543;52.5377219;https://www.berlin.de/sen/soziales/buergerschaftliches-engagement/stadtteilzentren/projektuebersicht/projektliste/cw04nh.jpg;;2025-05-15
CW06NH;Interkulturelles Stadtteilzentrum Divan;Stadtteilzentrum;Nehringstraße 26;14059;Berlin;Charlottenburg-Wilmersdorf;https://nachbarschaftszentrum-divan.de/;(030) 54 62 12 16;kontakt@nachbarschaftszentrum-divan.de;Stadtteil- und Nachbarschaftsarbeit;Nachbarschaftszentrum Divan e. V.;;;13.2941937;52.5158599;;;2025-05-15
CW08NH;Stadtteilzentrum Ulme35;Stadtteilzentrum;Ulmenallee 35;14050;Berlin;Charlottenburg-Wilmersdorf;https://interkulturanstalten.de/;(030) 40 36 75 70 0;info@interkulturanstalten.de;Stadtteil- und Nachbarschaftsarbeit, Interkulturelle Arbeit, Kultur und Veranstaltungen, Gemeinwesenarbeit, Beratung;Interkulturanstalten Westend e. V.;;;13.2675522736487;52.51805395;https://www.berlin.de/sen/soziales/buergerschaftliches-engagement/stadtteilzentren/projektuebersicht/projektliste/cw08nh.jpg;;2025-05-15
CW09NH;Haus der Nachbarschafft;Stadtteilzentrum;Straße am Schoelerpark 37;10715;Berlin;Charlottenburg-Wilmersdorf;https://www.nachbarschafft-ev.de/;(030) 8639 4400;info@nachbarschafft-ev.de;Nachbarschaftsarbeit, Veranstaltungen und vielfältiges Kursangebot, Beratungen, Interkulturelle Arbeit, Gemeinwesenarbeit;NACHBARSCHAFFT e. V.;;;13.3241357728201;52.4839554;https://www.berlin.de/sen/soziales/buergerschaftliches-engagement/stadtteilzentren/projektuebersicht/projektliste/cw09nh.jpg;https://maps.app.goo.gl/kv4zLfWqJPM8iReZ9;2025-05-15
FK01NH;Nachbarschaftshaus Urbanstraße;Stadtteilzentrum;Urbanstraße 21;10961;Berlin;Friedrichshain-Kreuzberg;https://www.nachbarschaftshaus.de/;(030) 69 04 97 0;info@nachbarschaftshaus.de;Stadtteil- und Nachbarschaftsarbeit, Gemeinwesenarbeit, Beratung;Nachbarschaftshaus Urbanstraße e. V.;;;13.4075946;52.4929721;;;2025-05-15
FK01NH;Kreuzberger Stadtteilzentrum;Nachbarschaftstreff;Lausitzer Straße 8;10999;Berlin;Friedrichshain-Kreuzberg;https://nhu-ev.org/kreuzberger-stadtteilzentrum/;(030) 61 26 66 6;stadtteilzentrum@nachbarschaftshaus.de;Stadtteil- und Nachbarschaftsarbeit, Gemeinwesenarbeit, Beratung;Nachbarschaftshaus Urbanstraße e. V.;;;13.4288738;52.4976237;;;2025-05-15
FK01NH;Nachbarschaftsgarten Kreuzberg;Interkultureller Garten;Golßener Straße / Ecke Züllichauer Straße;10965;Berlin;Friedrichshain-Kreuzberg;https://www.nachbarschaftsgarten-kreuzberg.de/;;;;Nachbarschaftshaus Urbanstraße e. V.;;;13.4015975775597;52.4850416408698;;https://maps.app.goo.gl/xEXFNj1QcBFGsW4P9;2025-05-15
FK02NH;Stadtteilzentrum Familiengarten;Stadtteilzentrum;Oranienstraße 34;10999;Berlin;Friedrichshain-Kreuzberg;https://kotti-berlin.de/;(030) 61 43 55 6;stadtteilzentrum@kottiberlin.de;Stadtteil- und Nachbarschaftsarbeit, Gemeinwesenarbeit, Beratung, Kultur und Veranstaltungen;Kotti e. V.;;;13.4184794072637;52.5019524;;;2025-05-15
FK04NH;Stadtteilzentrum Friedrichshain;Stadtteilzentrum;Pauline-Staegemann-Straße 6;10249;Berlin;Friedrichshain-Kreuzberg;https://volkssolidaritaet-berlin.de/einrichtungen/stadtteilzentrum-friedrichshain/;(030) 40 36 61 1 27;stz-friedrichshain@volkssolidaritaet.de;Stadtteil- und Nachbarschaftsarbeit;Volkssolidarität Landesverband Berlin e. V.;;;13.4218728;52.5254899;;;2025-05-15
FK05NH;Nachbarschaftszentrum RuDi;Stadtteilzentrum;Modersohnstraße 55;10245;Berlin;Friedrichshain-Kreuzberg;https://www.rudizentrum.de/;(030) 29 29 60 3;leitung@rudizentrum.de;Stadtteil- und Nachbarschaftsarbeit, Gemeinwesenarbeit;Nachbarschaftshaus Urbanstraße e. V.;;;13.4571705607439;52.50245295;;;2025-05-15
FK06NH;Stadtteilzentrum Wassertor;Stadtteilzentrum;Wassertorstraße 48;10969;Berlin;Friedrichshain-Kreuzberg;https://mgh-wassertor.de/;(030) 61 50 72 61;info@mgh-wassertor.de;Stadtteil- und Nachbarschaftsarbeit;Wassertor e.V.;;;13.405598;52.5004604;https://www.berlin.de/sen/soziales/buergerschaftliches-engagement/stadtteilzentren/projektuebersicht/projektliste/fk06nh_1.jpg;;2025-05-15
LI01NH;Stadtteilzentrum Lichtenberg Frankfurter Allee Süd;Stadtteilzentrum;Schulze-Boysen-Straße 38;10365;Berlin;Lichtenberg;https://www.kiezspinne-fas.org/;(030) 55 48 96 35;info@kiezspinne.de;Stadtteil- und Nachbarschaftsarbeit;Kiezspinne FAS - Nachbarschaftlicher Interessenverbund e. V.;;;13.4791319538047;52.5082395;https://www.berlin.de/sen/soziales/buergerschaftliches-engagement/stadtteilzentren/projektuebersicht/projektliste/li01nh.jpg;;2025-05-15
LI02NH;Nachbarschaftshaus im Ostseeviertel;Stadtteilzentrum;Ribnitzer Straße 1b;13051;Berlin;Lichtenberg;https://vav-hhausen.de/gemeinwesen-und-stadtteilarbeit/stadtteilzentrum-im-nachbarschaftshaus/;(030) 96 27 71 20;sekretariat@vav-hhausen.de;Stadtteil- und Nachbarschaftsarbeit;Verein für aktive Vielfalt e. V.;;;13.5022482;52.5722119;;;2025-05-15
LI08NH;Stadtteilzentrum Hedwig;Stadtteilzentrum;Hedwigstraße 12;13053;Berlin;Lichtenberg;https://sozdia.de/taetigkeitsbereiche/gemeinwesen/stadtteilzentrum-hedwig;(030) 97 89 69 83;hedwig@sozdia.de;Stadtteil- und Nachbarschaftsarbeit;SozDia Stiftung Berlin  Gemeinsam Leben Gestalten;Temporärer Standort;;13.4949983;52.5489999;https://www.berlin.de/sen/soziales/buergerschaftliches-engagement/stadtteilzentren/projektuebersicht/projektliste/li08nh_1.jpg;;2025-05-15
LI08NH;Stadtteilzentrum Unterwegs in Hohenschönhausen Süd;Interkultureller Garten;Liebenwalder Straße 12-18;13055;Berlin;Lichtenberg;https://sozdia.de/taetigkeitsbereiche/gemeinwesen/interkultureller-garten/ueber-uns;(030) 81 85 90 98;interkulturellergarten@sozdia.de;Stadtteil- und Nachbarschaftsarbeit;SozDia Stiftung Berlin  Gemeinsam Leben Gestalten;;;13.5006849516129;52.5362756992739;;;2025-05-15
LI09NH;Stadtteilzentrum Friedrichsfelde;Stadtteilzentrum;Einbecker Str. 85;10315;Berlin;Lichtenberg;https://stadtteilzentrum-friedrichsfelde.de/;0176 85 93 48 13;stadtteilzentrum.friedrichsfelde@pad-berlin.de;Stadtteil- und Nachbarschaftsarbeit, Beratung, Kurse und Gruppen, Anwohnerbeteiligung, Kultur und Veranstaltungen;pad gGmbH;;;13.5093547;52.5084141;;;2025-05-15
MH01NH;Stadtteilzentrum Hellersdorf-Ost;Stadtteilzentrum;Albert-Kuntz-Straße 42;12627;Berlin;Marzahn-Hellersdorf;https://ev-mittendrin.de/;(030) 99 49 86 91;stz-hellersdorf-ost@ev-mittendrin.de;Stadtteil- und Nachbarschaftsarbeit;MITTENDRIN leben e. V.;;;13.6188701;52.5372245;;;2025-05-15
MH02NH;Nachbarschaftshaus- und Familienzentrum Kiek in (Stadtteilzentrum Marzahn-Nord);Stadtteilzentrum;Rosenbecker Straße 2527;12689;Berlin;Marzahn-Hellersdorf;https://kiekin.org/;(030) 93 22 10 7;info@gmbh-kiekin.de;Stadtteil- und Nachbarschaftsarbeit;Kiek in  Soziale Dienste gGmbH;;;13.5712392;52.5704421;;;2025-05-15
MH03NH;Stadtteilzentrum PestalozziTreff;Stadtteilzentrum;Pestalozzistraße 1A;12623;Berlin;Marzahn-Hellersdorf;https://humanistisch.de/stz-pestalozzi;(030) 56 58 69 20;pestalozzitreff@hvd-bb.de;Stadtteil- und Nachbarschaftsarbeit;HVD Deutschland Landesverband Berlin-Brandenburg KdöR;;;13.6139085604476;52.5100937;https://www.berlin.de/sen/soziales/buergerschaftliches-engagement/stadtteilzentren/projektuebersicht/projektliste/mh03nh.jpg;;2025-05-15
MH06NH;Stadtteilzentrum Biesdorf;Stadtteilzentrum;Heino-Schmieden-Weg 3;12683;Berlin;Marzahn-Hellersdorf;https://ball-ev-berlin.de/projekte-im-ball-e-v/stadtteilzentrum-biesdorf/;(030) 52 67 84 59 1;stadtteilzentrum.biesdorf@ball-ev-berlin.de;Stadtteil- und Nachbarschaftsarbeit;Betreuung arbeitsloser Leute und Lebenshilfe e. V. (BALL e. V.);Neue Adresse;;13.5564342;52.5086407;https://www.berlin.de/sen/soziales/buergerschaftliches-engagement/stadtteilzentren/projektuebersicht/projektliste/mh06nh.jpg;;2025-05-15
MI01NH;Stadtteilzentrum Stadtschloss Moabit;Stadtteilzentrum;Rostocker Straße 32;10553;Berlin;Mitte;https://moabiter-ratschlag.de/;(030) 39 08 12 0;info@moabiter-ratschlag.de;Stadtteil- und Nachbarschaftsarbeit, Offener Nachbarschaftstreff, Beratung, Kurse und Gruppen, Bibliothek, Schwerpunkt Kinder,  Mobile Stadtteilarbeit;Moabiter Ratschlag e. V.;;;13.3263623691476;52.531882093896;https://www.berlin.de/sen/soziales/buergerschaftliches-engagement/stadtteilzentren/projektuebersicht/projektliste/mi01nh_1.jpg;;2025-05-15
MI01NH;Treffpunkt SprengelHaus;Nachbarschaftstreff;Sprengelstraße 15;13353;Berlin;Mitte;https://moabiter-ratschlag.de/treffpunkt-sprengelhaus/;(030) 45 97 73 08 / 45 97 73 09;sarah.buck@moabiter-ratschlag.de;Offener Nachbarschaftstreff, Beratung, Kurse und Gruppen;Moabiter Ratschlag e. V.;;;13.3548544;52.5419063;https://www.berlin.de/sen/soziales/buergerschaftliches-engagement/stadtteilzentren/projektuebersicht/projektliste/mi01nh_2.jpg;;2025-05-15
MI02NH;Stadtteilzentrum NachbarschaftsEtage;Stadtteilzentrum;Osloer Straße 12;13359;Berlin;Mitte;https://www.nachbarschaftsetage.de/;(030) 49 39 04 2;post@nachbarschaftsetage.de;Stadtteil- und Nachbarschaftsarbeit;Fabrik Osloer Straße e. V.;;;13.3859916926437;52.5561076;https://www.berlin.de/sen/soziales/buergerschaftliches-engagement/stadtteilzentren/projektuebersicht/projektliste/mi02nh.jpg;;2025-05-15
MI03NH;Stadtteilzentrum KREATIVHAUS;Stadtteilzentrum;Fischerinsel 3;10179;Berlin;Mitte;https://www.kreativhaus-berlin.de/;(030) 23 80 91 3;sekretariat-kreativhaus@fippev.de;Stadtteil- und Nachbarschaftsarbeit, Beratung, Sport und Bewegung, Nachhaltigkeit und Umwelt, Ehrenamt und Freiwilligenarbeit, Interkulturelle Arbeit, Familienarbeit, Mehrgenerationenhaus, Mobile Stadtteilarbeit, KiezCafés, Kompetenz- und Koordinationszentren;FiPP e. V.  Fortbildungsinstitut für die pädagogische Praxis;;;13.4096646528224;52.5135810618831;https://www.berlin.de/sen/soziales/buergerschaftliches-engagement/stadtteilzentren/projektuebersicht/projektliste/mi03nh.jpg;;2025-05-15
MI07NH;Nachbarschaftstreff im Olof-Palme-Zentrum;Stadtteilzentrum;Demminer Straße 28;13355;Berlin;Mitte;https://www.pfefferwerk.de/stadtteilarbeit-jugendfreizeit/olof-palme-zentrum/;(030) 44 38 37 93;nachbarschaftstreff-opz@pfefferwerk.de;Stadtteil- und Nachbarschaftsarbeit;Pfefferwerk StadtKultur gGmbH;;;13.3960236126458;52.54193875;https://www.berlin.de/sen/soziales/buergerschaftliches-engagement/stadtteilzentren/projektuebersicht/projektliste/mi03nh.jpg;;2025-05-15
MI08NH;Stadtteil- und Familienzentrum  Zukunftshaus Wedding;Stadtteilzentrum;Müllerstraße 56-58;13349;Berlin;Mitte;https://pgssoziales.de/stadtteilzentrum;(030) 45 00 52 40;gabi.manns@pgssoziales.de;Stadtteil- und Nachbarschaftsarbeit, Familienarbeit, Ehrenamt und Freiwilligenarbeit, Beratung, Mehrgenerationenhaus;Paul Gerhardt Stift Soziales gGmbH;;;13.3465515;52.5538704;;;2025-05-15
MI09NH;Kieztreff Leipziger Straße;Nachbarschaftstreff;Leipziger Str. 58;10117;Berlin;Mitte;;;;;IG Leipziger Straße e. V.;;;13.3969943;52.5112725;;;2025-05-15
NK01NH;Nachbarschaftshaus am Körnerpark;Stadtteilzentrum;Schierker Straße 53;12051;Berlin;Neukölln;https://www.nbh-neukoelln.de/;(030) 32 50 60 20;b.schuenke@nbh-neukoelln.de;Stadtteil- und Nachbarschaftsarbeit;Nachbarschaftsheim Neukölln e. V.;;;13.4385205030699;52.4707349198771;https://www.berlin.de/sen/soziales/buergerschaftliches-engagement/stadtteilzentren/projektuebersicht/projektliste/nk01nh_1.jpg;;2025-05-15
NK01NH;Elele Nachbarschaftszentrum;Nachbarschaftstreff;Hobrechtstraße 55;12047;Berlin;Neukölln;https://elele-berlin.de/;(030) 62 36 09 2;info@elele-berlin.de;Stadtteil- und Nachbarschaftsarbeit;Nachbarschaftsheim Neukölln e. V.;;;13.4250739;52.4915522;;;2025-05-15
NK01NH;Stadtteilbüro Reuterkiez;Nachbarschaftstreff;Rütlistraße 13;12045;Berlin;Neukölln;https://www.reuterkiez.de/;(030) 22 44 52 49 3;info@reuterkiez.de;Stadtteil- und Nachbarschaftsarbeit;Nachbarschaftsheim Neukölln e. V.;;;13.4341444068385;52.4869514138091;;;2025-05-15
NK01NH;Nachbarschaftstreff Schillerkiez;Nachbarschaftstreff;Mahlower Str. 27;12049;Berlin;Neukölln;https://www.nbh-neukoelln.de/standorte/nachbarschaftshaeuser-und-stadtteilarbeit/nachbarschaftstreff-schillerkiez/;(030) 223 411 26;a.drees@nbh-neukoelln.de;Stadtteil- und Nachbarschaftsarbeit, Beratung;Nachbarschaftsheim Neukölln e. V.;;;13.4237468;52.4797875;;;2025-05-15
NK02NH;STZ Neukölln Süd, Nachbarschaftstreff Waschhaus-Café;Stadtteilzentrum;Eugen-Bolz-Kehre 12;12351;Berlin;Neukölln;https://selbsthilfe-und-stadtteilzentrum-neukoelln.berlin/nachbarschaft/waschhaus-cafe/;(030) 30 36 14 12;nachbarschaftstreff-whc@sh-stzneukoelln.de;Offener Nachbarschaftstreff, Beratung, Kompetenz- und Koordinationszentren, Sport und Bewegung;Selbsthilfe- und Stadtteilzentrum Neukölln-Süd e.V .;;;13.4688938;52.4297772;;;2025-05-15
NK02NH;Nachbarschaftstreff Mollnerweg;Nachbarschaftstreff;Mollnerweg 35;12353;Berlin;Neukölln;https://www.stzneukoelln.de/nachbarschaftstreff-buckow/;(030) 63 33 67 01;;Stadtteil- und Nachbarschaftsarbeit, Beratung, Kurse und Gruppen, Familienarbeit, Offener Nachbarschaftstreff;Selbsthilfe- und Stadtteilzentrum Neukölln-Süd e.V .;;;13.4440907038722;52.4190493141273;;;2025-05-15
NK06NH;Stadtteilzentrum Buckow;Stadtteilzentrum;Christoph-Ruden-Straße 9;12349;Berlin;Neukölln;https://selbsthilfe-und-stadtteilzentrum-neukoelln.berlin/nachbarschaft/stadtteilzentrum-buckow/;(030) 63 33 67 01;nachbarschaftstreff-buckow@sh-stzneukoelln.de;Stadtteil- und Nachbarschaftsarbeit, Beratung, Kurse und Gruppen, Familienarbeit, Offener Nachbarschaftstreff;Selbsthilfe- und Stadtteilzentrum Neukölln-Süd e.V .;;;13.436066;52.4178315;;;2025-05-15
NK07NH;Stadtteilzentrum Buckow;Stadtteilzentrum;Christoph-Ruden-Straße 9;12349;Berlin;Neukölln;https://www.stz-buckow.de/;0175 33 88 67 5 / 0157 80 67 16 28;info@stz-buckow.de;Stadtteil- und Nachbarschaftsarbeit, Gemeinwesenarbeit, Beratung, Kurse und Gruppen, Familienarbeit;Diakoniewerk Simeon gGmbH und Selbsthilfe- und Stadtteilzentrum Neukölln-Süd e.V .;;;13.436066;52.4178315;https://www.berlin.de/sen/soziales/buergerschaftliches-engagement/stadtteilzentren/projektuebersicht/projektliste/nk07nh.jpg;;2025-05-15
NK07NH;Nachbarschaftstreff Buckow;Nachbarschaftstreff;Mollnerweg 35;12353;Berlin;Neukölln;https://stz-buckow.de/standorte/nachbarschaftstreff-buckow/;(030) 63 33 67 01;nachbarschaftstreff-buckow@sh-stzneukoelln.de;Stadtteil- und Nachbarschaftsarbeit, Gemeinwesenarbeit, Beratung, Kurse und Gruppen, Familienarbeit;Diakoniewerk Simeon gGmbH und Selbsthilfe- und Stadtteilzentrum Neukölln-Süd e.V .;;;;;https://www.berlin.de/sen/soziales/buergerschaftliches-engagement/stadtteilzentren/projektuebersicht/projektliste/nk07nh_2.jpg;;2025-05-15
NK10NH;Stadtteilzentrum Köllnische Heide;Stadtteilzentrum;Sonnenallee 319;12057;Berlin;Neukölln;https://www.internationaler-bund.de/standort/212181;(030) 68 05 98 43;stz-koellnische-heide-berlin@ib.de;;Internationaler Bund Berlin-Brandenburg gGmbH;;;13.4727003;52.4654641;;https://maps.app.goo.gl/z3vjXSfbDE9LkcPz6;2025-05-15
PA01NH;Stadtteilzentrum Prenzlauer Berg;Stadtteilzentrum;Fehrbelliner Straße 92;10119;Berlin;Pankow;https://stz-prenzlauerberg.de/;(030) 443 83 713;stadtteilzentrum@pfefferwerk.de;Stadtteil- und Nachbarschaftsarbeit, Beratung, Kurse und Gruppen, Mobile Stadtteilarbeit;Pfefferwerk StadtKultur gGmbH;;Das Stadtteilzentrum Prenzlauer Berg ist ein offenes Haus für alle Menschen aus dem Kiez. Es fördert den nachbarschaftlichen Zusammenhalt, unterstützt bürgerschaftliches Engagement und bietet vielfältige Angebote – von Baby-Gruppen bis hin zum Senior*innentheater. Es finden kulturelle, gesundheitsfördernde, bildende und begegnende Formate für alle Alternsgruppen ihren Platz im Stadtteilzentrum. Besonders geprägt ist das Haus durch seine bewegende Geschichte als ehemaliges jüdisches Kinderheim. Angedockte Projekte wie LeNa - Lebendige Nachbarschaft, unsere Mobile Stadtteilarbeit im Ernst-Thälmann-Park und Sprungbrett, aktiv in nahe gelegenen Gemeinschaftsunterkünften für geflüchtete Menschen, machen das Zentrum zu einem lebendigen und unterstützenden Ankerpunkt im Stadtteil, für alle neuen und alten Berliner*innen.;13.4080454083575;52.5313815065484;https://www.berlin.de/sen/soziales/buergerschaftliches-engagement/stadtteilzentren/projektuebersicht/projektliste/pa01nh.jpg;;2025-05-15
PA02NH;Stadtteilzentrum Pankow;Stadtteilzentrum;Schönholzer Straße 10;13187;Berlin;Pankow;https://www.stz-pankow.de/;(030) 49 98 70 90 0;familienzentrum@stz-pankow.de;Stadtteil- und Nachbarschaftsarbeit, Beratung, Kurse und Gruppen,Mobile Stadtteilarbeit, Schwerpunkt Inklusion, Kultur und Veranstaltungen, Familienarbeit, Ehrenamt und Freiwilligenarbeit, KiezCafé, Nachhaltigkeit und Umwelt, Interkulturelle Arbeit;Bürgerhaus BüHa gGmbH;;"Das STZ Pankow ist ein lebendiger Treffpunkt für alle Bürger des Stadtteils und bietet ein breites Spektrum an Unterstützung in den Bereichen bürgerschaftliches Engagement, Nachbarschaft, Familie, Arbeit, Inklusion, Integration von Neu-Berlinern sowie Gesundheit und Pflege. Durch vielfältige Angebote wie Beratungen, Informationsabende und Selbsthilfegruppen fördert das Stadtteilzentrum den sozialen Zusammenhalt und vermittelt Kontakte zu spezialisierten Einrichtungen im Stadtteil. Ein zentraler Bestandteil des STZs ist das Café, das als offene Anlaufstelle eine einladende Atmosphäre schafft und Raum für Begegnungen sowie Veranstaltungen bietet. Gleichzeitig befindet sich dort die Verteilstation für gerettete Lebensmittel. Zusätzlich stärken wir unser Engagement für Nachhaltigkeit durch vielfältige Angebote. Als zivilgesellschaftlicher Akteur unterstützt das STZ Initiativen und Vereine und organisiert kreative, gesundheitliche sowie kulturelle Veranstaltungen. In enger Kooperation mit verschiedenen Vereinen, sozialen Einrichtungen, Kitas und Schulen wird ein umfassendes Netzwerk aufgebaut, das die nachhaltige Weiterentwicklung der Angebotsvielfalt sichert. Die Gewinnung neuer Kooperationspartner wie z.B. die Verbraucherzentrale, die Mieter- und Sozialberatung ist ein wichtiger Schwerpunkt unserer Arbeit. Ein besonderes Augenmerk liegt auf den Bedürfnissen von Familien. Durch Workshops, Kurse und gezielte Beratungsangebote in den Bereichen Erziehung, Gesundheit und Schuldnerberatung werden Familien aktiv unterstützt. Veranstaltungen fördern das Miteinander von Eltern und Kindern, stärken die Selbsthilfepotentiale und verbessern die Kommunikation innerhalb der Familien. Zudem bietet das STZ regelmäßig Ferienkurse für Kinder und Jugendliche an, um Bildungs- und Freizeitangebote in der unterrichtsfreien Zeit zu ermöglichen und Familien zu entlasten. Ein weiterer Schwerpunkt ist die inklusive Arbeit mit Menschen mit Behinderung sowie mit Flucht- und Migrationshintergrund. Projekte wie die AG Inklusion und das Integrationsprojekt Empowerment schaffen Teilhabe und fördern die gesellschaftliche Integration. Gemeinsam mit dem Projekt Empowerment führen wir z.B. die Angebote wie Frauenfrühstück, Meet&Eat und Spiele-Abende durch. Das Stadtteilzentrum Pankow ist durch seine vielfältigen Angebote, die enge Vernetzung mit anderen Einrichtungen in Pankow und darüber hinaus sowie das Engagement für ein solidarisches Miteinander ein zentraler Anlaufpunkt für die Menschen im Stadtteil. Im Stadtteilzentrum Pankow befinden sich: Die KIS (HvD) bietet Beratung an, vermittelt in bestehende Gruppen und unterstützt bei der Gründung neuer Gruppen zu Themen wie gesundheitlicher Vorsorge, chronischen Krankheiten, Behinderung, Sucht oder psychosozialen Problemen.. Die KPE (HvD) ist ein Entlastungsangebot für pflegende Angehörige.. Die Kommunale Begegnungsstätte an der Panke (Bezirksamts Pankow) ist eine offene Einrichtung für ältere Menschen und erfüllt das Bedürfnis nach Kommunikation, Information, Freizeitgestaltung und Bildung. Die mobile Jobberatung für geflüchtete Menschen (MobiJob der Gesellschaft für Bildung und Teilhabe mbH-GesBiT) leistet Beratung zu beruflicher Orientierung, Unterstützung bei Bewerbungsunterlagen und Begleitung zu Unternehmen. Das Netzwerk für Familien mit Weit.Blick (Berliner Stadtmission) unterstützt Familien die Bürgergeld, Sozialhilfe, Kinderzuschlag erhalten oder Anspruch darauf haben. Der Lerntreff (Volkshochschule Pankow) ist ein offenes Angebot zum Lesen- und Schreibenlernen oder zum Verbessern ihrer Deutschkenntnisse. Durch die enge Zusammenarbeit aller genannten Projekte entstehen positive Synergieeffekte, die sowohl den Nutzern als auch dem Team des STZs zugutekommen";13.3994096862749;52.56984955;https://www.berlin.de/sen/soziales/buergerschaftliches-engagement/stadtteilzentren/projektuebersicht/projektliste/pa02nh_1.jpg;;2025-05-15
PA03NH;Stadtteilzentrum Weißensee (Frei-Zeit-Haus);Stadtteilzentrum;Pistoriusstraße 23;13086;Berlin;Pankow;https://www.stz-weissensee.de;(030) 92 79 94 63;info@frei-zeit-haus.de;Stadtteil- und Nachbarschaftsarbeit, Beratung, Kurse und Gruppen, Kultur und Veranstaltungen, Familienarbeit, Schwerpunkt Inklusion;FreiZeitHaus e. V.;;;13.4520756;52.5524215;https://www.berlin.de/sen/soziales/buergerschaftliches-engagement/stadtteilzentren/projektuebersicht/projektliste/pa03nh_1.jpg;;2025-05-15
PA03NH;NaiMo - Nachbarschaftstreff im Moselviertel;Nachbarschaftstreff;Brodenbacher Weg 34;13088;Berlin;Pankow;https://www.frei-zeit-haus.de/projekte/nachbarschaftstreff-naimo.html;(030) 33 77 27 34;antonia.fleckenstein@frei-zeit-haus.de;;FreiZeitHaus e. V.;;;13.4762535;52.5589262;;https://maps.app.goo.gl/U9do6y42egY4bFKu8;2025-05-15
PA03NH;Alte Apotheke (Zukunftswerkstatt Heinersdorf);Nachbarschaftstreff;Romain-Rolland-Straße 112;13088;Berlin;Pankow;https://www.frei-zeit-haus.de/projekte/alte-apotheke.html;(030) 21 98 29 70;doreen.stock@frei-zeit-haus.de;;FreiZeitHaus e. V.;;;13.4378718;52.5720202;;https://maps.app.goo.gl/h1nNPTSEB6AUwQGf8;2025-05-15
PA08NH;Nachbarschaftszentrum Amtshaus Buchholz;Stadtteilzentrum;Rosenthaler Weg 32;13127;Berlin;Pankow;https://www.amtshaus-buchholz.de/;(030) 47 58 47 2;info@amtshaus-buchholz.de;Stadtteil- und Nachbarschaftsarbeit, Beratung, Kompetenz- und Koordinationszentren;Bürgerhaus BüHa gGmbH;Übergangsstandort;Das Nachbarschaftszentrum (NBZ) Amtshaus Buchholz hat sich in 31 Jahren zu einer unverzichtbaren Institution für die lokale Gemeinschaft in Französisch Buchholz entwickelt. Es fungiert als zentraler Anlaufpunkt für Bürger:innen im Sozialraum und spielt auch eine entscheidende Rolle bei der Förderung des sozialen Zusammenhalts. In einer Zeit, in der gesellschaftliche Isolation und Anonymität zunehmen, bietet das NBZ einen Raum der Begegnung, Austausch und Unterstützung. Im Januar 2023 zog das NBZ aus dem ursprünglichen Standort im Amtshaus Buchholz (ca. 400 m² plus Garten) sanierungsbedingt in einen Übergangsstandort mit 45 m² Nutzfläche. Die kleine Fläche wird durch anteilige Raumnutzung bei vier Kooperationspartner:innen ergänzt, was eine erhebliche Veränderung und eine neue Arbeitsweise erforderten. Die Kursangebote wurden auf die anderen Einrichtungen verteilt (siehe unter „weitere Projektstandorte“), was die Frequentierung des NBZ durch Besucher:innen und Kursleiter:innen etwas reduzierte. Das Team entwickelte neue Formate und Angebote, um den neuen Standort zu beleben und alles zusammenzuhalten. Die Angebote des NBZ sind so vielfältig wie die Menschen, die es besuchen. Ein zentraler Pfeiler sind die Bildungsangebote, die darauf abzielen, die persönliche und berufliche Entwicklung zu fördern. Es gibt z.B. die English Hour, ein Sprachkurs zur Verbesserung der Sprachkenntnisse. Besonders wichtig sind auch Angebote für Senior:innen, z.B. in Kooperation mit dem FrauenComputerZentrumBerlin, die im Umgang mit Smartphones geschult werden, um in der digitalen Welt den Anschluss zu behalten. Gesundheitsförderung ist ebenfalls ein zentraler Inhalt, mit Bewegungsangeboten und Workshops zur gesunden Ernährung in Kooperation mit der Verbraucherzentrale Berlin. Ein weiterer wichtiger Bereich sind die sozialen, beratenden Dienste, die den Menschen in verschiedenen Lebenslagen zur Seite stehen. Ob es um Unterstützung bei der Formularhilfe, Sozial- oder Rechtsberatung geht – das NBZ bietet Hilfestellungen oder Weitervermittlung, die einen entscheidenden Unterschied im Alltag der Menschen machen. Das NBZ ist auch ein Ort der Freizeitgestaltung und Kreativität. Es bietet zahlreiche Aktivitäten für Kinder, Jugendliche und Erwachsene, von Sportgruppen über Bastelnachmittage bis hin zu Malkursen und kulturellen Veranstaltungen. Ein weiterer wichtiger Aspekt der Arbeit des NBZ ist der Fokus auf interkulturelle Angebote. In einer vielfältigen Gesellschaft ist die Integration von Menschen mit nicht deutschem Hintergrund von großer Bedeutung. Das NBZ bietet Programme wie das Sprachcafé, Kulturgespräche und das interkulturelle Frauen-Frühstück an, die den interkulturellen Austausch fördern. Diese Aktivitäten bereichern das soziale Leben im Viertel und tragen zur Integration bei, indem sie den Dialog zwischen verschiedenen Kulturen anregen. Das ehrenamtliche Engagement der Bürger:innen ist ein unverzichtbarer Bestandteil des NBZ. Es stärkt die Gemeinschaft und bietet Ehrenamtlichen die Möglichkeit, ihre Fähigkeiten weiterzuentwickeln und neue soziale Kontakte zu knüpfen. Das Hauptziel des NBZ ist die Förderung des sozialen Friedens im Kiez, indem die Lebensqualität der Anwohner:innen durch Angebote und Möglichkeiten zur Selbstwirksamkeit verbessert wird. Das NBZ bietet Raum für Begegnungen und Veranstaltungen, die die Teilhabe aller Bürger:innen unterstützen. Es ist ein Ort, an dem Menschen lernen, sich austauschen und aktiv sein können – ein wichtiger Schritt zu einer lebendigen und integrativen Nachbarschaft.;13.4211037;52.6063425;https://www.berlin.de/sen/soziales/buergerschaftliches-engagement/stadtteilzentren/projektuebersicht/projektliste/pa08nh.jpg;;2025-05-15
PA09NH;Stadtteilzentrum KulturMarktHalle;Stadtteilzentrum;Hanns-Eisler-Str. 93;10409;Berlin;Pankow;https://www.kmhberlin.de/;(030) 35 05 31 22;info@kulturmarkthalle.berlin;Stadtteil- und Nachbarschaftsarbeit;KulturMarktHalle e. V.;;Unser soziokultureller Ansatz verfolgt das Ziel, in der stark segregierten Nachbarschaft einen offenen Raum zu etablieren, in dem Gemeinschaft erlebbar, Teilhabe ermöglicht und Selbstorganisation gefördert wird. Mitarbeiter*innen, Vereinsmitglieder und weitere Freiwillige bieten Kurse und Workshops in den Bereichen Musik, Handwerk, Reparatur- und Selbsthilfe sowie künstlerische Bildung an. Gemeinsam mit unserer Sozial- und Verweisberatung bilden sie die Grundpfeiler unserer soziokulturellen Arbeit. Der uns wichtige Peer-to-Peer-Ansatz verhilft uns bei der gezielten Ansprache unserer Zielgruppen und bei der Vermittlung von kulturellen Unterschieden und schafft so mehr Verständnis füreinander. Es werden Alt- und Neuberliner*innen gleichermaßen angesprochen. Dazu gehören besonders geflüchtete Menschen aus den Unterkünften und Wohnungslosenunterkünften der Storkower Straße und geflüchtete Menschen, die durch den Generationsumbruch Wohnungen in der gesamten Nachbarschaft beziehen. Es existieren dadurch soziale, wie ökonomisch prekäre Gemeinschaften, in denen es keinen gewachsenen Zusammenhalt und viele kulturelle Unterschiede gibt. Die großzügige Immobilie mit einem großen Raum und zusätzlich geschaffenen mobilen Elementen (2 Tiny Häuser, 2 Lastenfahrräder und mobile Trennwände) verschaffen uns die Möglichkeit, flexibel auf sich ändernde Bedarfe zu reagieren. Wir können direkt in den Kiez gehen, um Angebote umzusetzen oder mehrere Angebote gleichzeitig in der Halle stattfinden lassen. Hier gibt es einen Cafétreffpunkt, wo die Besucher*innen zusammenkommen oder sich flüchtig begegnen. Der liebevoll gepflegte Garten, der mittlerweile vollständig von Peace of Land e.V. und der ÖKO AG bewirtschaftet wird, ist ebenfalls eine einladende Oase und Ort der Begegnung und Bildung in unserem Kiez.;13.4523792366801;52.539777;https://www.berlin.de/sen/soziales/buergerschaftliches-engagement/stadtteilzentren/projektuebersicht/projektliste/stz_kulturmarkthalle.jpg;;2025-05-15
RD02NH;Stadtteilzentrum Haus am See;Stadtteilzentrum;Stargardtstraße 9;13407;Berlin;Reinickendorf;https://www.lebenswelt-berlin.de/familien-und-stadtteilzentrum-haus-am-see;(030) 43 72 28 22;c.seemann@lebenswelt-berlin.de;Stadtteil- und Nachbarschaftsarbeit;LebensWelt gGmbH;;;13.3609245;52.5658104;https://www.berlin.de/sen/soziales/buergerschaftliches-engagement/stadtteilzentren/projektuebersicht/projektliste/rd02nh.jpg;;2025-05-15
RD03NH;Stadtteilzentrum AVA/MGH Berlin-Reinickendorf;Stadtteilzentrum;Auguste-Viktoria-Allee 17a;13403;Berlin;Reinickendorf;https://albatros.social/angebote/standorte/mehrgenerationenhaus/;(030) 33 29 22 18 0;mgh@albatrosggmbh.de;Stadtteil- und Nachbarschaftsarbeit, Mehrgenerationenhaus, Beratung, Kurse und Gruppen;Albatros gGmbH;;;13.3230856;52.5710781;;;2025-05-15
RD03NH;Gesobau Nachbarschaftsetage (Märk. Viertel);Nachbarschaftstreff;Wilhelmsruher Damm 124;13439;Berlin;Reinickendorf;https://www.albatrosggmbh.de/stadtteilarbeit-und-nachbarschaft/stadtteilzentren/maerkisches-viertel/beschreibung.html;(030) 41 50 85 66;mv-etage@albatrosggmbh.de;Stadtteil- und Nachbarschaftsarbeit;Albatros gGmbH;;;13.3574909;52.5980298;;;2025-05-15
RD04NH;Stadtteilzentrum Rollberge;Stadtteilzentrum;Zabel-Krüger-Damm 52;13469;Berlin;Reinickendorf;https://stadtteilzentrum-rollberge.de/;(030) 81 82 27 33 0;info@stadtteilzentrum-rollberge.de;Stadtteil- und Nachbarschaftsarbeit;Stiftung Unionhilfswerk Berlin;;;13.3357026417944;52.6100577727534;https://www.berlin.de/sen/soziales/buergerschaftliches-engagement/stadtteilzentren/projektuebersicht/projektliste/stz_rollberge.jpg;;2025-05-15
RD05NH;Stadtteilzentrum Borsigwalde;Stadtteilzentrum;Ziekowstr. 114;13509;Berlin;Reinickendorf;https://beratung.immanuel.de/wo-wir-sind/berlin-reinickendorf/stadtteilzentrum-borsigwalde/;0174 248 29 12;stz-borsigwalde@immanuel.de;;Beratung + Leben GmbH;;;13.293082850601;52.5893978;https://www.berlin.de/sen/soziales/buergerschaftliches-engagement/stadtteilzentren/projektuebersicht/projektliste/rd05nh.jpg;https://maps.app.goo.gl/1GvQ46wvaU1Y4oL36;2025-05-15
SP01NH;Stadtteilzentrum Siemensstadt;Stadtteilzentrum;Wattstraße 13;13629;Berlin;Spandau;https://casa-ev.de/stadtteilarbeit-siemensstadt/;(030) 38 28 91 2;stadtteilbuero@casa-ev.de;Stadtteil- und Nachbarschaftsarbeit;Sozial-kulturelle Netzwerke casa e. V.;;;13.2662454;52.5363004;https://www.berlin.de/sen/soziales/buergerschaftliches-engagement/stadtteilzentren/projektuebersicht/projektliste/sp01nh_1.jpg;;2025-05-15
SP02NH;Stadtteilzentrum Staakentreff Obstallee;Stadtteilzentrum;Obstallee 22 E;13593;Berlin;Spandau;https://gwv-heerstrasse.de/orte/staakentreff-2/;(030) 91 49 08 89;gwvbln@aol.com;Stadtteil- und Nachbarschaftsarbeit;Gemeinwesenverein Heerstraße Nord e. V.;;;13.1645117;52.5215384;https://www.berlin.de/sen/soziales/buergerschaftliches-engagement/stadtteilzentren/projektuebersicht/projektliste/sp02nh_1.jpg;;2025-05-15
SP02NH;Stadtteilzentrum Gatow (Nachbarschaftshaus an der Havel);Stadtteilzentrum;Plievierstraße 3;14089;Berlin;Spandau;https://nachbarschaftshaus-gatow.de/;(030) 67 39 40 94;;;Gemeinwesenverein Heerstraße Nord e. V.;;;13.181851;52.4858853;;https://maps.app.goo.gl/1DdFnipcSAtSHWKi6;2025-05-15
SP03NH;Stadtteilzentrum Haselhorst;Nachbarschaftstreff;Burscheider Weg 21;13599;Berlin;Spandau;https://www.gwv-haselhorst.de/;(030) 33 45 15 1;info@gwv-haselhorst.de;Stadtteil- und Nachbarschaftsarbeit;Gemeinwesenverein Haselhorst e. V.;;;13.2361911;52.54407;;;2025-05-15
SP03NH;Nachbarschaftszentrum Paul-Schneider-Haus;Stadtteilzentrum;Schönwalder Straße 23;13585;Berlin;Spandau;https://www.gwv-haselhorst.de/index.php?id=183;(030) 67 06 05 11;info@psh-spandau.de;Stadtteil- und Nachbarschaftsarbeit;Gemeinwesenverein Haselhorst e. V.;;;13.2024933;52.5468666;;;2025-05-15
SP03NH;Stadtteilladen Hakenfelde;Nachbarschaftstreff;Streitstraße 60;13587;Berlin;Spandau;https://gwv-haselhorst.de/;;hakenfelde@gwv-haselhorst.de;Stadtteil- und Nachbarschaftsarbeit;Gemeinwesenverein Haselhorst e. V.;;;13.2079948;52.5609061;;;2025-05-15
SP03NH;Treffpunkt Pulvermühle;Nachbarschaftstreff;Romy-Schneider-Str. 23;13599;Berlin;Spandau;https://gwv-haselhorst.de/722/;(030) 354 02 889;;;Gemeinwesenverein Haselhorst e. V.;;;13.2249788353271;52.5455633799102;;;2025-05-15
SP03NH;HD-Café;Nachbarschaftstreff;Haselhorster Damm 39;13599;Berlin;Spandau;https://gwv-haselhorst.de/hd-cafe/;;;;Gemeinwesenverein Haselhorst e. V.;;;13.2375323;52.5455373;;;2025-05-15
SP05NH;Stadtteilzentrum Kladow;Stadtteilzentrum;Sakrower Landstraße 3;14089;Berlin;Spandau;https://stadtteilzentrum-kladow.de/;(030) 36 50 21 25;info@stadtteilzentrum-kladow.de;Stadtteil- und Nachbarschaftsarbeit;Rotkreuz-Institut Berufsbildungswerk im DRK Berlin gemeinnützige GmbH;;;13.1425214;52.4528647;https://www.berlin.de/sen/soziales/buergerschaftliches-engagement/stadtteilzentren/projektuebersicht/projektliste/sp05nh.jpg;;2025-05-15
SZ01NH;Gutshaus Lichterfelde;Stadtteilzentrum;Hindenburgdamm 28;12203;Berlin;Steglitz-Zehlendorf;https://www.stadtteilzentrum-steglitz.de/gutshaus-lichterfelde/;(030) 84 41 10 40;kolinski@stadtteilzentrum-steglitz.org;Stadtteil- und Nachbarschaftsarbeit;Stadtteilzentrum Steglitz e. V.;;;13.3164482573493;52.43900325;https://www.berlin.de/sen/soziales/buergerschaftliches-engagement/stadtteilzentren/projektuebersicht/projektliste/sz01nh.jpg;;2025-05-15
SZ01NH;KiJuNa - Kinder-, Jugend- und Nachbarschaftszentrum;Nachbarschaftstreff;Scheelestraße 145;12209;Berlin;Steglitz-Zehlendorf;"https://kijuna.chayns.net/ https://www.stadtteilzentrum-steglitz.de/kijuna/";0173 73 82 16 9;reinicke@stadtteilzentrum-steglitz.org;;Stadtteilzentrum Steglitz e. V.;;;13.3215906571072;52.41133565;;https://maps.app.goo.gl/e7wpBKF2nrKx2iTFA;2025-05-15
SZ01NH;Kieztreff/Seniorenzentrum;Nachbarschaftstreff;Scheelestraße 109-111;12209;Berlin;Steglitz-Zehlendorf;https://www.stadtteilzentrum-steglitz.de/seniorenzentrum-scheelestrasse/;;;;Stadtteilzentrum Steglitz e. V.;;;13.330150173292;52.4157486745726;;https://maps.app.goo.gl/4rZJ691pyg7hNXtC8;2025-05-15
SZ02NH;Stadtteilzentrum Villa Mittelhof;Stadtteilzentrum;Königstraße 4243;14163;Berlin;Steglitz-Zehlendorf;https://www.mittelhof.org/orte/villa-mittelhof/;(030) 80 19 75 40;villa@mittelhof.org;Stadtteil- und Nachbarschaftsarbeit, Ehrenamt und Freiwilligenarbeit;Mittelhof e. V.;;;13.2543982801214;52.4338885625306;https://www.berlin.de/sen/soziales/buergerschaftliches-engagement/stadtteilzentren/projektuebersicht/projektliste/sz02nh.jpg;;2025-05-15
SZ02NH;Nachbarschaftsladen Berlinickestraße;Nachbarschaftstreff;Berlinickestraße 9;12165;Berlin;Steglitz-Zehlendorf;https://www.mittelhof.org/orte/nachbarschaftsladen-berlinickestrasse/;(030) 27 97 97 27;nachbarschaftshilfe@mittelhof.org;;Mittelhof e. V.;;;13.3223768547149;52.4547275;;https://maps.app.goo.gl/GCjLo9Fvu6oqBe189;2025-05-15
SZ04NH;Nachbarschaftsladen Leonie (Stadtteilzentrum SüdOst);Stadtteilzentrum;Leonorenstraße 85;12247;Berlin;Steglitz-Zehlendorf;https://www.stadtteilzentrum-steglitz.de/stadtteilzentrum-suedost/;(030) 85 40 11 71 5;krause@stadtteilzentrum-steglitz.org;Stadtteil- und Nachbarschaftsarbeit, Mobile Stadtteilarbeit;Kooperationsverbund SüdOst (Mittelhof e. V. / Stadtteilzentrum Steglitz e. V.);;;13.3449306;52.4376309;https://www.berlin.de/sen/soziales/buergerschaftliches-engagement/stadtteilzentren/projektuebersicht/projektliste/sz04nh.jpg;;2025-05-15
SZ05NH;Nachbarschaftshaus Lilienthal, Stadtteil- und Familienzentrum;Stadtteilzentrum;Schütte-Lanz-Straße 43;12209;Berlin;Steglitz-Zehlendorf;https://www.mittelhof.org/orte/nachbarschaftshaus-lilienthal/;(030) 49 80 56 47;post@stz-südost.de;Stadtteil- und Nachbarschaftsarbeit, Familienarbeit;Kooperationsverbund SüdOst (Mittelhof e. V. / Stadtteilzentrum Steglitz e. V.);;;13.3281022169744;52.4130997;https://www.berlin.de/sen/soziales/buergerschaftliches-engagement/stadtteilzentren/projektuebersicht/projektliste/sz05nh.jpg;;2025-05-15
SZ06NH;Nachbarschaftshaus Wannseebahn;Stadtteilzentrum;Mörchinger Str. 49;14169;Berlin;Steglitz-Zehlendorf;https://wsba.de/;(030) 64 49 77 42;info@wsba.de;;Nachbarschaftshaus Wannseebahn e. V.;;;13.2787156;52.4384747;https://www.berlin.de/sen/soziales/buergerschaftliches-engagement/stadtteilzentren/projektuebersicht/projektliste/sz06nh_1.jpg;https://maps.app.goo.gl/x1atiRbbnuqPtiuM7;2025-05-15
SZ07NH;Nachbarschaftshaus Markus;Stadtteilzentrum;Albrechtstr. 81a;12167;Berlin;Steglitz-Zehlendorf;https://dwstz.de/nachbarschaftshaus-markus-stadtpark-viertel/;(030) 839092440;geschaeftsstelle@dwstz.de;Stadtteil- und Nachbarschaftsarbeit;Diakonisches Werk Steglitz und Teltow-Zehlendorf e. V.;;;13.3384643;52.4495046;;;2025-05-15
TK01NH;Sadtteilzentrum Rabenhaus;Stadtteilzentrum;Puchanstraße 9;12555;Berlin;Treptow-Köpenick;https://www.rabenhaus.de/;(030) 65 88 01 65 / 65 88 01 63;info@rabenhaus.de;Stadtteil- und Nachbarschaftsarbeit, Kultur und Veranstaltungen, Familienarbeit, Mobile Stadtteilarbeit, Schwerpunkt Kinder, Schwerpunkt Jugendliche;Rabenhaus e. V. - sozial-kulturelle Projekte;;;13.5794358;52.4547088;https://www.berlin.de/sen/soziales/buergerschaftliches-engagement/stadtteilzentren/projektuebersicht/projektliste/tk01nh_1.jpg;;2025-05-15
TK01NH;ABC-STADTKULTUR;Nachbarschaftstreff;Hirschgartenstr. 14;12555;Berlin;Treptow-Köpenick;https://www.abc-fuer-immer.de;;;Stadtteil- und Nachbarschaftsarbeit, Mobile Stadtteilarbeit, Kultur und Veranstaltungen, Nachhaltigkeit und Umwelt;Rabenhaus e. V. - sozial-kulturelle Projekte;;;13.5970757;52.4559208;;;2025-05-15
TK04NH;Nachbarschaftshaus Villa offensiv;Stadtteilzentrum;Hasselwerderstraße 3840;12439;Berlin;Treptow-Köpenick;https://offensiv91.de/stadtteilarbeit/villa-offensiv/;(030) 63 90 26 11;villa@offensiv91.de;Stadtteil- und Nachbarschaftsarbeit;offensiv'91 e.V.;;;13.5133293;52.4545673;https://www.berlin.de/sen/soziales/buergerschaftliches-engagement/stadtteilzentren/projektuebersicht/projektliste/tk04nh_1.jpg;;2025-05-15
TK04NH;WohnGebietsZentrum Allende-Viertel (WGZ);Nachbarschaftstreff;Pablo-Neruda-Straße 12-13;12559;Berlin;Treptow-Köpenick;https://offensiv91.de/stadtteilarbeit/wgz/;(030) 66 86 52 90;allende2@offensiv91.de;Stadtteil- und Nachbarschaftsarbeit, Mobile Stadtteilarbeit;offensiv'91 e.V.;;;13.590245;52.4419629;;;2025-05-15
TK04NH;FamilienBegegnungsZentrum Altglienicke (FBZ);Nachbarschaftstreff;Köpenicker Straße 42;12524;Berlin;Treptow-Köpenick;https://offensiv91.de/stadtteilarbeit/fbz/;(030) 63 90 26 11;villa@offensiv91.de;Stadtteil- und Nachbarschaftsarbeit, Mobile Stadtteilarbeit;offensiv'91 e.V.;;;13.5394040639953;52.4213336831234;;;2025-05-15
TK05NH;Stadtteilzentrum Campus Kiezspindel;Stadtteilzentrum;Rudower Straße 37-39;12557;Berlin;Treptow-Köpenick;https://www.tjfbg.de/ausserschulische-angebote/campus-kiezspindel/;(030) 67 48 94 93;campus.kiezspindel@tjfbg.de;Stadtteil- und Nachbarschaftsarbeit;Technische Jugendfreizeit- und Bildungsgesellschaft (tjfbg) gGmbH;;;13.5644413288441;52.4439705405993;https://www.berlin.de/sen/soziales/buergerschaftliches-engagement/stadtteilzentren/projektuebersicht/projektliste/tk05nh.jpg;;2025-05-15
TK06NH;Stadtteilzentrum für Alt Treptow und Plänterwald;Stadtteilzentrum;Kiefholzstraße 20;12435;Berlin;Treptow-Köpenick;https://kungerkiez.de/;(030) 70 12 10 07;kontakt@kungerkiez.de;Stadtteil- und Nachbarschaftsarbeit, Kurse und Gruppen, Kultur und Veranstaltungen;KungerKiezInitiative e. V.;;;13.451148;52.490701;;;2025-05-15
TS02NH;Nachbarschafts- und Selbsthilfezentrum in der ufafabrik;Stadtteilzentrum;Viktoriastraße 13;12105;Berlin;Tempelhof-Schöneberg;https://nusz.de/stadtteilzentren/;(030) 75 50 31 46;buero@nusz.de;Stadtteil- und Nachbarschaftsarbeit, Kurse und Gruppen, Ehrenamt und Freiwilligenarbeit, Interkulturelle Arbeit;Nachbarschafts- und Selbsthilfezentrum in der UFA-Fabrik e. V.;;;13.3823736;52.4541455;;;2025-05-15
TS03NH;Stadtteilzentrum im Nachbarschaftshaus Friedenau;Stadtteilzentrum;Holsteinische Straße 30;12161;Berlin;Tempelhof-Schöneberg;https://www.nbhs.de/aktiv-im-stadtteil/nachbarschaft/stadtteilarbeit;(030) 85 99 51 10 0;information@nbhs.de;Stadtteil- und Nachbarschaftsarbeit, Kurse und Gruppen, Kultur und Veranstaltungen, Ehrenamt und Freiwilligenarbeit;Nachbarschaftsheim Schöneberg e. V.;;;13.3345425768536;52.46642035;;;2025-05-15
TS09NH;Stadtteilzentrum Marie-Li Marienfelde;Stadtteilzentrum;Bruno-Möhring-Straße 7-9;12277;Berlin;Tempelhof-Schöneberg;https://stz-marie-li.de;(030) 75519834;hallo@stz-marie-li.de;Stadtteil- und Nachbarschaftsarbeit;Kooperationsverbund (Stadtteilzentrum Steglitz, Pestalozzi-Fröbel-Haus, NUSZ);;;13.3705478699605;52.4246208363033;;;2025-05-15
TS09NH;Stadtteilzentrum Marie-Li Lichtenrade;Stadtteilzentrum;Lichtenrader Damm 212;12305;Berlin;Tempelhof-Schöneberg;https://stz-marie-li.de;(030) 75519834;hallo@stz-marie-li.de;Stadtteil- und Nachbarschaftsarbeit;Kooperationsverbund (Stadtteilzentrum Steglitz, Pestalozzi-Fröbel-Haus, NUSZ);;;13.4058475098293;52.39478165;;;2025-05-15
TS09NH;Kiezoase;Nachbarschaftstreff;Barbarossastraße 65;10781;Berlin;Tempelhof-Schöneberg;https://kiezoase.de/;(030) 21 73 02 02;kiezoase@pfh-berlin.de;;Kooperationsverbund (Stadtteilzentrum Steglitz, Pestalozzi-Fröbel-Haus, NUSZ);Ausgangsstandort Mobile Stadtteilarbeit;;13.3524589;52.491945;https://www.berlin.de/sen/soziales/buergerschaftliches-engagement/stadtteilzentren/projektuebersicht/projektliste/ts09nh_3.jpg;https://maps.app.goo.gl/1ksbpdiYCaLZyuFp9;2025-05-15
TS11NH;Stadtteilzentrum Schöneberg Süd;Stadtteilzentrum;Hauptstraße 121 A;10827;Berlin;Tempelhof-Schöneberg;https://beratung.immanuel.de/unsere-standorte/berlin/schoeneberg/;+49 30 780042-60;stz-schoeneberg@immanuel.de ;;Beratung + Leben GmbH;;;13.3506637;52.4829413;;;2025-05-15
